Date,Title,Link,Full_Text
"October 7, 2026",Duke Energy proposal fails to hold data centers accountable in Large Load Tariffsettlement,https://www.selc.org/press-release/duke-energy-proposal-fails-to-hold-data-centers-accountable-in-large-load-tariff-settlement/,"






october 7, 2026

          duke energy proposal fails to hold data centers accountable in large load tariff 
          settlement    














chapel hill, n.c.— a settlement just filed by duke energy and other parties in a north carolina utilities commission rate case proceeding ultimately fails to hold data centers accountable for...

"
"October 6, 2026","Duke Energy to let low-income assistance program expire, advocatesshow",https://www.selc.org/press-release/duke-energy-to-let-low-income-assistance-program-expire-advocates-show/,"






october 6, 2026

          duke energy to let low-income assistance program expire, advocates 
          show 














chapel hill, n.c.— monopoly utility duke energy signaled it plans to let the customer assistance program expire in december at the conclusion of its three-year pilot, causing bills for tens of thousands of eligible...

"
"October 6, 2026","EPA downplays risks from toxic PFAS contamination of farms, food, and water sources in watered-downguidance",https://www.selc.org/press-release/epa-downplays-risks-from-toxic-pfas-contamination-of-farms-food-and-water-sources-in-watered-down-guidance/,"






october 6, 2026

          epa downplays risks from toxic pfas contamination of farms, food, and water sources in watered-down 
          guidance 














washington—after abandoning its own scientific findings about the dangers of pfas contaminated sewage sludge used as fertilizer, epa is now downplaying the risks and leaving farming families and communities exposed, the southern environmental...

"
"September 25, 2026",N.C. air permits for 649 diesel-fired generators at Amazon data center challenged incourt,https://www.selc.org/press-release/n-c-air-permits-for-649-diesel-fired-generators-at-amazon-data-center-challenged-in-court/,"






september 25, 2026

          n.c. air permits for 649 diesel-fired generators at amazon data center challenged in 
          court 














chapel hill, n.c.—on behalf of the richmond county coalition for justice and black empowerment, the southern environmental law center today challenged two north carolina minor source air permits for amazon and duke...

"
"September 23, 2026","Chemours’ ongoing PFAS pollution violates 2019 Consent Order, say SELC and Cape Fear RiverWatch",https://www.selc.org/press-release/chemours-ongoing-pfas-pollution-violates-2019-consent-order-say-selc-and-cape-fear-river-watch/,"






september 23, 2026

          chemours’ ongoing pfas pollution violates 2019 consent order, say selc and cape fear river 
          watch 














chapel hill, n.c. — on behalf of cape fear river watch, the southern environmental law center today notified chemours that the company is violating the 2019 consent order and 2020 addendum that were...

"
"September 16, 2026",EPA quietly withdraws guidance that stops toxic PFASpollution,https://www.selc.org/press-release/epa-quietly-withdraws-guidance-that-stops-toxic-pfas-pollution/,"






september 16, 2026

          epa quietly withdraws guidance that stops toxic pfas 
          pollution 














withdrawal is latest in pattern of federal administration shielding chemical polluters at the expense of people chapel hill, n.c.—a memo from epa’s political leadership to its regional water division directors withdraws guidance...

"
"September 10, 2026","North Carolina settlement with Chemours is a mixed bag for residents, saysSELC",https://www.selc.org/press-release/north-carolina-settlement-with-chemours-is-a-mixed-bag-for-residents-says-selc/,"






september 10, 2026

          north carolina settlement with chemours is a mixed bag for residents, says 
          selc 














chapel hill, n.c.—the southern environmental law center issued the following statement by senior attorney jean zhuang regarding the settlement announced today by north carolina attorney general jackson and chemours. in 2018, selc litigated...

"
"September 3, 2026",New economic analysis finds Project Delta data center likely to deliver only a fraction of promised taxrevenue,https://www.selc.org/press-release/new-economic-analysis-finds-project-delta-data-center-likely-to-deliver-only-a-fraction-of-promised-tax-revenue/,"






september 3, 2026

          new economic analysis finds project delta data center likely to deliver only a fraction of promised tax 
          revenue 














chapel hill, n.c. — a proposed large-scale data center in stokes county would generate far less local tax revenue than promised and create negligible long-term local jobs, while significantly decreasing local property values and...

"
"August 28, 2026","State fails to protect people from harmful pollution by permitting 649 diesel-fired generators for Amazon and Duke Energy at massive data center, SELCsays",https://www.selc.org/press-release/state-fails-to-protect-people-from-harmful-pollution-by-permitting-649-diesel-fired-generators-for-amazon-and-duke-energy-at-massive-data-center-selc-says/,"






august 28, 2026

          state fails to protect people from harmful pollution by permitting 649 diesel-fired generators for amazon and duke energy at massive data center, selc 
          says 














chapel hill, n.c.—separate state permits for amazon and duke energy’s operation of 649 highly-polluting diesel-fired generators at a massive, hyperscale data center in hamlet, north carolina, pose significant health concerns for nearby communities, according...

"
"August 20, 2026",Stokes Court Officially Voids Earlier Data Center Rezoning Following Community Win with PlanningBoard,https://www.selc.org/press-release/stokes-court-officially-voids-earlier-data-center-rezoning-following-community-win-with-planning-board/,"






august 20, 2026

          stokes court officially voids earlier data center rezoning following community win with planning 
          board 














danbury, n.c. — just days after stokes county’s planning board delivered a resounding win for the community, voting 5-2 to recommend denial of a massive proposed hyperscale ai data center known as project delta...

"
